{"stats":{"minecraft:killed":{"minecraft:sheep":2},"minecraft:used":{"minecraft:mutton":4,"minecraft:orange_tulip":2},"minecraft:custom":{"minecraft:time_since_rest":6089,"minecraft:damage_taken":210,"minecraft:crouch_one_cm":514,"minecraft:play_time":21465,"minecraft:sprint_one_cm":65599,"minecraft:walk_one_cm":13923,"minecraft:deaths":1,"minecraft:sneak_time":831,"minecraft:walk_under_water_one_cm":617,"minecraft:mob_kills":2,"minecraft:jump":333,"minecraft:damage_dealt":200,"minecraft:leave_game":4,"minecraft:time_since_death":6047,"minecraft:walk_on_water_one_cm":1193,"minecraft:sleep_in_bed":1,"minecraft:total_world_time":21465,"minecraft:swim_one_cm":4323,"minecraft:fly_one_cm":193021,"minecraft:fall_one_cm":8149},"minecraft:crafted":{"minecraft:oak_planks":16},"minecraft:picked_up":{"minecraft:orange_tulip":2,"minecraft:wheat_seeds":3,"minecraft:oak_log":9,"minecraft:gray_wool":1,"minecraft:sugar_cane":9,"minecraft:mutton":4,"minecraft:dirt":1,"minecraft:white_wool":1},"minecraft:mined":{"minecraft:short_grass":30,"minecraft:grass_block":1,"minecraft:oak_log":9,"minecraft:tall_grass":14,"minecraft:sugar_cane":3,"minecraft:orange_tulip":2,"minecraft:oak_leaves":6}},"DataVersion":3955}