{"stats":{"minecraft:killed":{"minecraft:sheep":2},"minecraft:used":{"minecraft:orange_tulip":2},"minecraft:custom":{"minecraft:time_since_rest":9114,"minecraft:crouch_one_cm":352,"minecraft:play_time":9114,"minecraft:sprint_one_cm":20638,"minecraft:damage_taken":10,"minecraft:walk_one_cm":6705,"minecraft:sneak_time":687,"minecraft:mob_kills":2,"minecraft:jump":55,"minecraft:damage_dealt":200,"minecraft:time_since_death":9114,"minecraft:total_world_time":9114,"minecraft:fall_one_cm":1171,"minecraft:fly_one_cm":14235},"minecraft:crafted":{"minecraft:oak_planks":16},"minecraft:picked_up":{"minecraft:orange_tulip":2,"minecraft:oak_log":9,"minecraft:gray_wool":1,"minecraft:mutton":4,"minecraft:white_wool":1,"minecraft:dirt":1},"minecraft:mined":{"minecraft:short_grass":2,"minecraft:grass_block":1,"minecraft:oak_log":9,"minecraft:orange_tulip":2,"minecraft:oak_leaves":6}},"DataVersion":3955}