{"stats":{"minecraft:crafted":{"minecraft:oak_planks":28,"minecraft:crafting_table":1,"minecraft:stick":8,"minecraft:wooden_pickaxe":1,"minecraft:stone_pickaxe":1,"minecraft:stone_axe":1},"minecraft:picked_up":{"minecraft:birch_log":10,"minecraft:stick":28,"minecraft:crafting_table":2,"minecraft:azure_bluet":1,"minecraft:oak_log":97,"minecraft:dirt":13,"minecraft:apple":3,"minecraft:orange_tulip":2,"minecraft:wheat_seeds":3,"minecraft:hay_block":29,"minecraft:rose_bush":3,"minecraft:gray_wool":1,"minecraft:birch_sapling":4,"minecraft:oak_sapling":58,"minecraft:sugar_cane":9,"minecraft:mutton":4,"minecraft:oxeye_daisy":1,"minecraft:white_wool":1,"minecraft:cobblestone":6,"minecraft:egg":1},"minecraft:used":{"minecraft:oak_log":1,"minecraft:rose_bush":3,"minecraft:oxeye_daisy":1,"minecraft:map":1,"advancednetherite:netherite_gold_helmet":1,"minecraft:orange_tulip":2,"minecraft:wooden_pickaxe":16,"biomesoplenty:mossy_black_sand":1,"biomesoplenty:liquid_null_bucket":1,"minecraft:stone_axe":120,"minecraft:dirt":12,"minecraft:mutton":4,"minecraft:crafting_table":2,"minecraft:azure_bluet":1},"minecraft:killed":{"minecraft:sheep":2},"minecraft:custom":{"minecraft:time_since_rest":14606,"minecraft:sprint_one_cm":102928,"minecraft:damage_taken":210,"minecraft:walk_one_cm":35865,"minecraft:mob_kills":2,"minecraft:damage_dealt":200,"minecraft:swim_one_cm":4323,"minecraft:interact_with_crafting_table":7,"minecraft:fly_one_cm":217862,"minecraft:open_chest":2,"minecraft:crouch_one_cm":2279,"minecraft:play_time":45308,"minecraft:deaths":1,"minecraft:sneak_time":2337,"minecraft:walk_under_water_one_cm":617,"minecraft:jump":443,"minecraft:leave_game":7,"minecraft:time_since_death":29890,"minecraft:walk_on_water_one_cm":2357,"minecraft:sleep_in_bed":2,"minecraft:total_world_time":45308,"minecraft:fall_one_cm":10297},"minecraft:mined":{"minecraft:hay_block":29,"minecraft:birch_log":10,"minecraft:orange_tulip":2,"minecraft:azure_bluet":1,"minecraft:crafting_table":2,"minecraft:short_grass":36,"minecraft:grass_block":4,"minecraft:oak_log":97,"minecraft:rose_bush":3,"minecraft:dirt":9,"minecraft:tall_grass":14,"minecraft:stone":6,"minecraft:sugar_cane":3,"minecraft:oxeye_daisy":1,"minecraft:oak_leaves":9}},"DataVersion":3955}