{"stats":{"minecraft:picked_up":{"minecraft:orange_tulip":2,"minecraft:wheat_seeds":3,"minecraft:hay_block":16,"minecraft:oak_log":9,"minecraft:gray_wool":1,"minecraft:sugar_cane":9,"minecraft:mutton":4,"minecraft:dirt":1,"minecraft:white_wool":1},"minecraft:crafted":{"minecraft:oak_planks":16},"minecraft:used":{"minecraft:mutton":4,"advancednetherite:netherite_gold_helmet":1,"minecraft:orange_tulip":2,"biomesoplenty:liquid_null_bucket":1,"biomesoplenty:mossy_black_sand":1},"minecraft:killed":{"minecraft:sheep":2},"minecraft:custom":{"minecraft:open_chest":2,"minecraft:time_since_rest":2975,"minecraft:damage_taken":210,"minecraft:crouch_one_cm":639,"minecraft:play_time":33677,"minecraft:sprint_one_cm":72130,"minecraft:walk_one_cm":20556,"minecraft:deaths":1,"minecraft:sneak_time":942,"minecraft:walk_under_water_one_cm":617,"minecraft:mob_kills":2,"minecraft:jump":353,"minecraft:damage_dealt":200,"minecraft:leave_game":5,"minecraft:time_since_death":18259,"minecraft:walk_on_water_one_cm":2357,"minecraft:sleep_in_bed":2,"minecraft:total_world_time":33677,"minecraft:swim_one_cm":4323,"minecraft:fly_one_cm":196722,"minecraft:fall_one_cm":8834},"minecraft:mined":{"minecraft:hay_block":16,"minecraft:short_grass":33,"minecraft:grass_block":1,"minecraft:oak_log":9,"minecraft:tall_grass":14,"minecraft:sugar_cane":3,"minecraft:orange_tulip":2,"minecraft:oak_leaves":6}},"DataVersion":3955}